concurrency,n_requests,ttft_p50_s,ttft_p95_s,latency_p50_s,throughput_tok_s,peak_gpu_mib,backend,prompt_len,rep
1,8,0.06324416799998289,0.08246667100002014,4.641149810999991,27.580830161572383,3317,hf_batched,128,0
4,8,0.10507372099999657,0.10567525500005104,4.6601362270000095,109.85918820223533,3333,hf_batched,128,0
16,32,0.38021434800003817,0.3813955680000163,5.469188035000002,374.38189132720794,3575,hf_batched,128,0
64,128,16.98710024799999,17.057254388999922,22.13632022950003,369.85621415662905,3575,hf_batched,128,0
1,8,0.06414258300003439,0.0696328319999111,4.687762474500005,27.30171606105419,3575,hf_batched,128,1
4,8,0.10839327849998881,0.1108537370000704,4.717372773500017,108.51693405160871,3575,hf_batched,128,1
16,32,0.378229205499963,0.385523267999929,5.477215908000005,373.8190042453471,3575,hf_batched,128,1
64,128,16.674662320500033,16.742852763999963,21.76131061000001,374.9924576225971,3575,hf_batched,128,1
1,8,0.06307729350004365,0.06571811499998148,4.6704974719999655,27.401056733050446,3575,hf_batched,128,2
4,8,0.10777087750000192,0.10870874500005812,4.659603195999978,109.86868450622887,3575,hf_batched,128,2
16,32,0.3676713100000484,0.37179693600000974,5.548641809499998,369.03025557689085,3575,hf_batched,128,2
64,128,16.733232066500022,16.957411621999995,21.822914747500022,373.3792143085312,3575,hf_batched,128,2
1,8,0.7877872870001283,0.8208110959999431,5.39443391650002,23.72801365348315,5203,hf_batched,2048,0
4,8,2.979425102499931,3.002379069999961,11.37378636799997,45.01336946636199,6739,hf_batched,2048,0
16,32,12.804685144500013,12.898080706999963,38.85652071000004,52.70532374888233,12883,hf_batched,2048,0
64,128,129.08439257199996,129.238152141,155.15909661850003,52.77857530209908,12883,hf_batched,2048,0
1,8,0.7904046085000118,0.8203068569998777,5.4226255700000365,23.618646514416664,12883,hf_batched,2048,1
4,8,2.978219759999888,3.0024366109998937,11.373782772999903,45.01309330483946,12883,hf_batched,2048,1
16,32,12.709976471000118,12.865335870999843,38.752775405999955,52.846684553711505,12883,hf_batched,2048,1
64,128,129.17702379999992,129.25607306700022,155.23613912299993,52.763847639148345,12883,hf_batched,2048,1
1,8,0.7890831740000976,0.8221309719997407,5.382318973499878,23.689052164771056,12883,hf_batched,2048,2
4,8,2.9787221005001356,2.999488348000341,11.373534379499915,45.01405028101178,12883,hf_batched,2048,2
16,32,12.691950491499938,12.844106462999662,38.747201155000084,52.8540723239228,12883,hf_batched,2048,2
64,128,129.15307033099998,129.25323301100025,155.19916887399995,52.767759244910586,12883,hf_batched,2048,2
1,8,0.13099715449999394,0.13474453499998162,4.74479163649994,27.032723459292136,3575,hf_batched,512,0
4,8,0.4629157545000453,0.46665119300018887,4.946730799999955,103.4915363593216,3671,hf_batched,512,0
16,32,1.7097612464999656,1.7123018199999933,10.738142156999857,190.69050069649393,4435,hf_batched,512,0
64,128,34.156327850499906,34.267946160000065,43.203910567499975,189.6014615894342,4435,hf_batched,512,0
1,8,0.13120936200004962,0.13632568100001663,4.746481239499985,26.932288628665123,4435,hf_batched,512,1
4,8,0.46758657749990107,0.4705680399999892,4.945634998499827,103.51203060392841,4435,hf_batched,512,1
16,32,1.7223911694999288,1.726548024999829,10.762041576499882,190.2702384891943,4435,hf_batched,512,1
64,128,34.14747884600001,34.22942772800002,43.204774922999945,189.59224732904573,4435,hf_batched,512,1
1,8,0.1322221210001544,0.1378437920000124,4.745941422999977,26.917231680208985,4435,hf_batched,512,2
4,8,0.4721158905000493,0.4779914429998371,4.980930572500029,102.78552839159171,4435,hf_batched,512,2
16,32,1.7191278820000662,1.7244875710000542,10.752955107000048,190.4329906141203,4435,hf_batched,512,2
64,128,34.13618510800006,34.214711611999974,43.18701674399995,189.68106688690395,4435,hf_batched,512,2
1,8,0.045149898000090616,0.04859867499999382,4.759813775500106,26.92207499627475,3295,hf_naive,128,0
4,8,14.391005038499884,14.526042548000078,19.19066615199995,26.679508539620468,3295,hf_naive,128,0
16,16,35.52340906849997,71.18516723500011,40.223762321499976,27.00209415683937,3295,hf_naive,128,0
64,64,149.72226545399997,285.68456845900005,154.4095800030001,26.886630318041732,3295,hf_naive,128,0
1,8,0.04445135599985406,0.04826414699982706,4.7728113139999095,26.868133100906135,3295,hf_naive,128,1
4,8,14.277226802499854,14.407764712000244,18.941628261999995,26.908360749881236,3295,hf_naive,128,1
16,16,35.48707941099997,71.14264484700016,40.19146643300019,27.04060293130332,3295,hf_naive,128,1
64,64,150.12870541300003,286.2656517810001,154.86232059400004,26.84035429413389,3295,hf_naive,128,1
1,8,0.04453663100002814,0.0484970429997702,4.774275816999989,26.73478907586377,3295,hf_naive,128,2
4,8,14.446287447000032,14.66988646000027,19.209863785500147,26.479439825805617,3295,hf_naive,128,2
16,16,35.93569710449992,71.94439938300002,40.70269249950002,26.698274716907267,3295,hf_naive,128,2
64,64,151.36210839249998,288.8719073379998,156.1577632169999,26.59160165616425,3295,hf_naive,128,2
1,8,0.7956553674998759,0.8413449849995231,5.54690590249993,23.092292222440204,3889,hf_naive,2048,0
4,8,17.18094578499995,17.25950960800037,21.933397541499744,23.30100444974916,3889,hf_naive,2048,0
16,16,42.2964822820004,83.47761424500004,47.047855860000254,23.234570009696657,3889,hf_naive,2048,0
64,64,174.45687557049996,331.27250360499966,179.1685820875,23.233031342502645,3889,hf_naive,2048,0
1,8,0.7910752315001446,0.84004640799958,5.5852258055001585,22.957990409315222,3889,hf_naive,2048,1
4,8,17.345604943500348,17.503985213000306,22.103035525500218,23.08569983026313,3889,hf_naive,2048,1
16,16,42.50326642150003,83.72135547800008,47.30168493800011,23.14170427805662,3889,hf_naive,2048,1
64,64,175.41995647049998,333.1276353200001,180.20881008299966,23.115259219337073,3889,hf_naive,2048,1
1,8,0.7899818824998874,0.8438415549999263,5.553247181499501,23.0537981564489,3889,hf_naive,2048,2
4,8,17.270586809499946,17.361510456999895,21.99636474650015,23.24482700505182,3889,hf_naive,2048,2
16,16,42.64367502449977,84.24482908000027,47.49408484750029,23.007917262565186,3889,hf_naive,2048,2
64,64,175.37008668999988,333.4388595010005,180.15680559449993,23.090453750305677,3889,hf_naive,2048,2
1,8,0.11648384050022287,0.12010491099999854,4.883638552000093,26.20291316005307,3349,hf_naive,512,0
4,8,14.765185904999953,15.422308567000073,19.551025450499992,25.455229205504708,3349,hf_naive,512,0
16,16,38.420852618000026,74.78594698300003,43.17203128699998,25.768684878655513,3349,hf_naive,512,0
64,64,154.21141697700023,293.60804249500006,159.0230966585002,26.177755515931427,3349,hf_naive,512,0
1,8,0.1159169015002135,0.12054637399978674,4.936381770000253,25.929055176219396,3349,hf_naive,512,1
4,8,14.733461985000076,14.880810234000364,19.536203545000262,26.176187267051517,3349,hf_naive,512,1
16,16,36.70566328149994,73.52665701500018,41.49701129400023,26.148813051072707,3349,hf_naive,512,1
64,64,155.0570434639999,293.7550830539999,159.83425817249986,26.153992324790078,3349,hf_naive,512,1
1,8,0.11617360250011188,0.11908980200041697,4.884658246000072,26.194813197506388,3349,hf_naive,512,2
4,8,14.75723584949992,14.811662469000112,19.528715619499962,26.206667543361792,3349,hf_naive,512,2
16,16,36.72502197349968,73.38716113400005,41.508588248499564,26.17644658330379,3349,hf_naive,512,2
64,64,153.73141515600037,291.9266135939997,158.45713198449994,26.315993288979392,3349,hf_naive,512,2
1,8,0.039284403999999995,0.04177538499993716,2.0413893369999414,62.439538629339694,12711,vllm,128,0
4,16,0.10461026550001407,0.11520546300016576,2.129176639499974,240.31368436224403,12711,vllm,128,0
16,64,0.3522368420000248,0.3634194810001645,2.829769375000069,723.955295261734,12865,vllm,128,0
64,256,0.7660801495001124,1.4145403449999776,5.766640537999933,1423.252118527049,12935,vllm,128,0
1,8,0.04523317500002122,0.046484297000006336,2.7404850010000246,46.72932658868233,12935,vllm,128,1
4,16,0.11588307650004026,0.12330775600003108,2.202358037500062,232.30168584920372,12935,vllm,128,1
16,64,0.3856891259999884,0.393018783999878,2.9143945175,702.6094488320805,12935,vllm,128,1
64,256,0.8366291930000216,1.4708144819999234,5.7380913235000435,1421.9127818473958,12935,vllm,128,1
1,8,0.044142899500002386,0.046746178999910626,2.5795548945000064,50.18133233446222,12935,vllm,128,2
4,16,0.11219130700010282,0.12113858600014282,2.1991741625000714,232.8049231691783,12935,vllm,128,2
16,64,0.375826515999961,0.4189715329998762,2.958133693500031,691.1554862108228,12935,vllm,128,2
64,256,0.8461039264999499,1.5539892510000755,5.768887673500103,1412.2988298480716,12935,vllm,128,2
1,8,0.9397741049999695,0.9592540510000163,3.274300464000021,39.0569539599164,12935,vllm,2048,0
4,16,2.7979451549998657,3.822897772000033,6.589248665000014,77.59434290516955,12935,vllm,2048,0
16,64,3.696812447999946,12.824483884000074,19.729314439499944,103.71786729831905,12935,vllm,2048,0
64,256,3.9650650134998386,49.887027579999994,72.44975195749998,112.44716338354245,12935,vllm,2048,0
1,8,0.9387275070000669,0.9555554110002049,3.2580707415002053,39.29119334437021,12935,vllm,2048,1
4,16,2.8135874464999233,3.795419627999763,6.598318410000047,77.49109183616099,12935,vllm,2048,1
16,64,3.6790638200000103,12.811372461999781,19.63941528700002,103.94031555816261,12935,vllm,2048,1
64,256,3.960927978999962,49.58317943500015,72.41700918399988,112.69564359351705,12935,vllm,2048,1
1,8,0.9266359240000384,0.952137576000041,3.2441704560003473,39.38431150890097,12935,vllm,2048,2
4,16,2.8200458949997937,3.8028650729997935,6.59334906700019,77.52062361036256,12935,vllm,2048,2
16,64,3.6757756360000258,12.839484288000222,19.65174808100005,103.9004482731291,12935,vllm,2048,2
64,256,3.9567719019999004,49.70465444499996,72.38479954650006,112.63341747440175,12935,vllm,2048,2
1,8,0.12889710599995396,0.13120026000001417,2.3623159974999908,53.948678356645544,12935,vllm,512,0
4,16,0.4641686759999857,0.4674926980001146,2.7419917245000534,186.63244308093283,12935,vllm,512,0
16,64,1.0593666204999863,1.8675888910001959,5.020006349500022,406.4823660204031,12935,vllm,512,0
64,256,1.3816160645000082,6.11028469200005,13.374363974500056,605.2987837388757,12935,vllm,512,0
1,8,0.13061003900008927,0.14011540900014552,2.4784815280000885,51.52664725989232,12935,vllm,512,1
4,16,0.4677682309999227,0.47254572299993924,2.7497594624999238,186.16285035362708,12935,vllm,512,1
16,64,1.0488207694999119,1.8690226669998538,5.013025104999997,408.0680916743982,12935,vllm,512,1
64,256,1.384985879999931,6.089108355000008,13.34193513699995,605.5765059916444,12935,vllm,512,1
1,8,0.13076242249996994,0.1398837449999064,2.4693218190000152,51.40753017385523,12935,vllm,512,2
4,16,0.4675992969999925,0.47192157400013457,2.753083503500079,185.96132988517212,12935,vllm,512,2
16,64,1.0506789754998636,1.879134269000133,5.00326212899995,407.94855638152393,12935,vllm,512,2
64,256,1.3832688140000755,6.068428803000188,13.367341649000082,605.7982950246279,12935,vllm,512,2
1,8,0.026292031999958,0.02770595299989509,2.0029822344999957,63.24900071964898,12711,vllm_prefixcache,128,0
4,16,0.04686129850006182,0.05630579600006058,2.0700261554999884,247.19453431139473,12711,vllm_prefixcache,128,0
16,64,0.09456384649996608,0.09840451400009442,2.5679052424999895,795.0932352164247,12731,vllm_prefixcache,128,0
64,256,0.22065445599997702,0.3165971430000809,4.534504158499999,1807.068160690452,12789,vllm_prefixcache,128,0
1,8,0.027013067499979115,0.03371413599995776,1.9667012809999846,64.5621416188186,12789,vllm_prefixcache,128,1
4,16,0.04671832649995622,0.0641705660000298,2.061201714499987,248.14369854247497,12789,vllm_prefixcache,128,1
16,64,0.07528881550001643,0.09298701399995934,2.5572109235000084,802.1986267480016,12789,vllm_prefixcache,128,1
64,256,0.21400263750001614,0.3275747479999609,4.590503483499958,1788.0252248701213,12789,vllm_prefixcache,128,1
1,8,0.026123181499997372,0.03648787900010575,1.9804482389999976,64.18399483390834,12789,vllm_prefixcache,128,2
4,16,0.04692729800001416,0.05317768400004752,2.060458234999942,248.3832542659285,12789,vllm_prefixcache,128,2
16,64,0.0837334660001261,0.09975157200005924,2.5547311759999047,802.1947099358053,12789,vllm_prefixcache,128,2
64,256,0.20444276250009352,0.3063576090000879,4.54665852200003,1807.5759753687757,12789,vllm_prefixcache,128,2
1,8,0.048518348999891714,0.05126104800001485,2.244122532999995,56.987024860883075,12839,vllm_prefixcache,2048,0
4,16,0.1004498690000446,0.11387395700012348,2.798755218500105,182.68620921061896,12839,vllm_prefixcache,2048,0
16,64,0.23025190800001383,0.33002999399991495,5.381365051999978,378.4501835247607,12839,vllm_prefixcache,2048,0
64,256,0.5563604105000195,1.0837449690000085,14.470131264500083,561.4300963941494,12839,vllm_prefixcache,2048,0
1,8,0.050617064999983086,0.05165125399980752,2.2828900905000182,55.98992243947354,12839,vllm_prefixcache,2048,1
4,16,0.10231135499998345,0.13132748399993943,2.893171215499933,177.54224562664433,12839,vllm_prefixcache,2048,1
16,64,0.2019184735000863,0.3357449190000352,5.263406227999894,387.7307257780675,12839,vllm_prefixcache,2048,1
64,256,0.5400216875000297,1.056401133999998,14.568062283000017,561.2709534931564,12839,vllm_prefixcache,2048,1
1,8,0.04974053599994477,0.0515350779999153,2.2729512274999024,56.21060561324834,12839,vllm_prefixcache,2048,2
4,16,0.10228253399998266,0.14104352399999698,2.876224644499871,178.50823963056558,12839,vllm_prefixcache,2048,2
16,64,0.20996934899994812,0.3377218900000116,5.260050544499904,387.7543760243371,12839,vllm_prefixcache,2048,2
64,256,0.5411971184998947,1.0575084479999077,14.588430897499961,559.9898683258855,12839,vllm_prefixcache,2048,2
1,8,0.031449872500047604,0.03245229499998459,2.0475584005000655,62.43972004487144,12789,vllm_prefixcache,512,0
4,16,0.05822327750001932,0.0680159089999961,2.2622594375000062,226.1329915243639,12789,vllm_prefixcache,512,0
16,64,0.12955000100009784,0.14101897199998348,3.1783526660000234,644.6454912774982,12789,vllm_prefixcache,512,0
64,256,0.26242790900005275,0.4366423550000036,6.503990428999941,1253.5318872521286,12789,vllm_prefixcache,512,0
1,8,0.031204244499917877,0.03641260499989585,2.0375738149999734,62.796569697764724,12789,vllm_prefixcache,512,1
4,16,0.05851479149998795,0.06948217400008616,2.2554316744999596,226.91972545109576,12789,vllm_prefixcache,512,1
16,64,0.13190002999999706,0.16207296099992163,3.1676922210000384,645.3095263713707,12789,vllm_prefixcache,512,1
64,256,0.306771432000005,0.4847335290000956,6.594025669499956,1243.236174597532,12789,vllm_prefixcache,512,1
1,8,0.03146151400005692,0.044743960000005245,2.0285125745000414,63.00278810932621,12789,vllm_prefixcache,512,2
4,16,0.058368256499989,0.0648848910000197,2.2451925425000354,227.9466986161998,12789,vllm_prefixcache,512,2
16,64,0.12735985450001408,0.13914984300004107,3.1361110374999726,651.1059035799115,12789,vllm_prefixcache,512,2
64,256,0.2939594475000149,0.42992124500005957,6.579402714999901,1242.1092483081459,12789,vllm_prefixcache,512,2
