mode,targets,rank,runs,trainable_params,acc_mean,acc_std,f1_mean,f1_std,peak_mem_gib,train_seconds,tokens_per_s,final_loss
lora,all,4,3,4616192,0.9216666666666667,0.0010408329997330806,0.8734652069957485,0.0034681252603152198,9.067604382832846,396.51039683200025,1208.807956096818,0.18743102790787816
lora,all,8,3,9232384,0.9279999999999999,0.002783882181415046,0.8783228197471645,0.0032493000178379847,9.147501309712728,394.96561996533336,1213.5512105720984,0.1623915843712166
lora,all,16,3,18464768,0.927,0.0014999999999999736,0.8763949771506581,0.005494461774747953,9.307232856750488,397.5715746540007,1205.5772362868172,0.1533138628412659
lora,all,32,3,36929536,0.9285,0.0034999999999999654,0.8744640387107449,0.0077891039127226756,9.662175814310709,404.55021925800037,1184.8103666705354,0.13412667095661165
lora,attn,4,3,1089536,0.8933333333333332,0.006251666444503662,0.8366761932985729,0.005292468143053658,7.356909275054932,316.29080593266696,1515.425146854588,0.32797590132802723
lora,attn,8,3,2179072,0.9118333333333334,0.0016072751268321058,0.8568691075330914,0.0027408317140763284,7.372522830963135,316.1329071146666,1516.1689230304085,0.24062229577141503
lora,attn,16,3,4358144,0.9178333333333333,0.0010408329997330873,0.8636883524475203,0.0034107976827897056,7.4037143389383955,316.5969489913332,1513.938226369172,0.21745422407363854
lora,attn,32,3,8716288,0.9248333333333334,0.002753785273643072,0.8733536064850247,0.003933071365941988,7.466150760650635,317.1209058656668,1511.4255257237246,0.19491963545636581
qlora,all,8,3,9232384,0.9278333333333334,0.0017559422921420852,0.8802790462172995,0.0003609714170577776,7.402359326680501,426.8401432636665,1122.9154012184613,0.16022849564052496
qlora,all,16,3,18464768,0.9249999999999999,0.004499999999999976,0.8725108483264171,0.009176546211697795,7.562090873718262,430.08481133299966,1114.479043259288,0.1485973955442508
zeroshot,-,0,1,0,0.512,0.0,0.40005201943396623,0.0,0.0,0.0,0.0,0.0
