mode,rank,targets,seed,trainable_params,accuracy,macro_f1,peak_mem_gib,train_seconds,tokens_per_s,final_loss
lora,16,all,0,18464768,0.9255,0.8706162029558372,9.494224548339844,397.87166794700033,1205.31578052419,0.11981675387825817
lora,16,all,1,18464768,0.9285,0.8815522788844957,8.942168235778809,400.5520541880005,1200.6604259587075,0.17851523174904288
lora,16,all,2,18464768,0.927,0.8770164496116412,9.485305786132812,394.2910018270013,1210.755502377554,0.16160960289649665
lora,16,attn,0,4358144,0.9175,0.8675646469453611,7.530365943908691,316.9422547889999,1513.0863517054909,0.1615424747299403
lora,16,attn,1,4358144,0.919,0.8611466353539003,7.150411128997803,319.28212128299947,1506.2760109067451,0.2538745709694922
lora,16,attn,2,4358144,0.917,0.8623537750432995,7.530365943908691,313.5664709020002,1522.4523164952798,0.23694562652148307
lora,32,all,0,36929536,0.926,0.8662788719243562,9.853933334350586,404.67347036000047,1185.0566818066404,0.1095212293928489
lora,32,all,1,36929536,0.9325,0.8817849999121335,9.292462348937988,408.721135709,1176.6629077445334,0.15125601697713137
lora,32,all,2,36929536,0.927,0.8753282442957447,9.840131759643555,400.2560517050006,1192.711510460432,0.14160276649985462
lora,32,attn,0,8716288,0.923,0.8718509176271573,7.59298038482666,317.44738909900025,1510.6786713890485,0.13880104680545627
lora,32,attn,1,8716288,0.928,0.8778164863128094,7.212491512298584,319.55915190199994,1504.970197653695,0.21172846764791756
lora,32,attn,2,8716288,0.9235,0.8703934155151075,7.59298038482666,314.3561765960003,1518.6277081284302,0.23422939191572367
lora,4,all,0,4616192,0.9205,0.8703973299792714,9.25434684753418,396.49826508000024,1209.4907903398782,0.15746252119541168
lora,4,all,1,4616192,0.9225,0.877228268824951,8.703038215637207,399.81045725200056,1202.8874965040538,0.21521937587298454
lora,4,all,2,4616192,0.922,0.872770022183023,9.245428085327148,393.222468164,1214.0455814465222,0.18961118665523827
lora,4,attn,0,1089536,0.8995,0.8427376182901364,7.4834184646606445,317.256683931,1511.5867506964787,0.2579734429717064
lora,4,attn,1,1089536,0.8935,0.8329712669279897,7.103890895843506,318.98795723700005,1507.6650672510602,0.3397720304131508
lora,4,attn,2,1089536,0.887,0.8343196946775925,7.4834184646606445,312.6277766300009,1527.023622616225,0.3861822305992246
lora,8,all,0,9232384,0.9255,0.8753513043989366,9.33433723449707,394.1614956499998,1216.6612043349655,0.13849158397875727
lora,8,all,1,9232384,0.931,0.8817923926867093,8.782748222351074,399.07959910799946,1205.0904157339571,0.17950617432594299
lora,8,all,2,9232384,0.9275,0.8778247621558478,9.325418472290039,391.6557651380008,1218.9020116473725,0.16917699480894954
lora,8,attn,0,2179072,0.9125,0.8584817186507944,7.499085426330566,317.35655557799987,1511.1110565419958,0.18172496169805527
lora,8,attn,1,2179072,0.913,0.8584211430272223,7.1193976402282715,318.35131988299963,1510.6800882017708,0.2609314514882863
lora,8,attn,2,2179072,0.91,0.8537044609212575,7.499085426330566,312.6908458830003,1526.7156243474594,0.27921047412790356
qlora,16,all,0,18464768,0.9205,0.8639083854508471,7.746103286743164,430.47384902999966,1114.0305063376322,0.11498503228183836
qlora,16,all,1,18464768,0.9295,0.8821699921124265,7.200570106506348,434.76829296399956,1106.1685219069611,0.1650637761130929
qlora,16,all,2,18464768,0.925,0.8714541674159776,7.739599227905273,425.01229200499984,1123.2381015332705,0.16574337823782115
qlora,8,all,0,9232384,0.926,0.8802733579605154,7.586215972900391,427.8110326119995,1120.9645461269224,0.13301246983464807
qlora,8,all,1,9232384,0.928,0.8799209525439392,7.041150093078613,429.8450211220006,1118.8381308795038,0.18281546032987536
qlora,8,all,2,9232384,0.9295,0.8806428281474438,7.5797119140625,422.8643760569994,1128.9435266489577,0.1648575567570515
zeroshot,0,-,0,0,0.512,0.40005201943396623,,,,
