method,weights_gib,load_s,wikitext2_ppl,ppl_tokens,ppl_windows,ppl_seqlen,arc_easy_acc,arc_easy_acc_norm,arc_easy_n,batch_size,prompt_len,new_tokens,repeats,peak_mem_gib,prefill_s_mean,prefill_s_std,decode_ms_per_token_mean,decode_ms_per_token_std,throughput_tok_s_mean,throughput_tok_s_std,ppl_delta_pct,weights_vs_fp16,speedup_vs_fp16
bnb-int8,1.6551775932312012,6.93892943000003,9.70415960525228,298862,146,2048,0.74,0.74,500,1,512,128,3,1.7311854362487793,0.241327801666633,0.020157868931599692,142.57677607874007,3.5334783284177593,6.978532996550086,0.16143521863947563,0.5681001670863273,0.5756353713474076,0.2531063885084916
bnb-int8,1.6551775932312012,6.93892943000003,9.70415960525228,298862,146,2048,0.74,0.74,500,8,512,128,3,2.149667263031006,1.1228126450000293,0.02755758519290032,163.8476568057742,0.9029015537849043,46.69160876441553,0.22192779915919747,0.5681001670863273,0.5756353713474076,0.29635215715739904
bnb-int8,1.6551775932312012,6.93892943000003,9.70415960525228,298862,146,2048,0.74,0.74,500,16,512,128,3,2.6174864768981934,2.2238395986666624,0.07146864946228426,187.09205003674535,0.3224881494412217,78.81620898859364,0.09875298189914716,0.5681001670863273,0.5756353713474076,0.4254085636265713
bnb-nf4,1.0450701713562012,4.377685376000045,10.416902706567141,298862,146,2048,0.694,0.702,500,1,512,128,3,1.2021980285644531,0.14381313066670978,0.0018878708106978236,48.380196758530005,0.43794995724228597,20.35703188899893,0.184336041274527,7.954542942371812,0.36345305702111147,0.7383349515899555
bnb-nf4,1.0450701713562012,4.377685376000045,10.416902706567141,298862,146,2048,0.694,0.702,500,8,512,128,3,1.6142163276672363,1.1122362259998984,0.05528067460610687,58.766501748032574,0.9960082839338115,119.42954182587117,1.9203818599372888,7.954542942371812,0.36345305702111147,0.7580206226560885
bnb-nf4,1.0450701713562012,4.377685376000045,10.416902706567141,298862,146,2048,0.694,0.702,500,16,512,128,3,2.084110736846924,1.9776632276666533,0.0384487624397131,77.73209744094572,0.3099352263129186,172.83396887708156,0.6662224856995564,7.954542942371812,0.36345305702111147,0.9328671270717857
fp16,2.875392436981201,3.9287189649999164,9.64934167905086,298862,146,2048,0.75,0.756,500,1,512,128,3,2.944145679473877,0.10347789999999198,0.0018648285056150822,35.74124691601034,0.2581359024906924,27.57154032212806,0.19048081911205783,0.0,1.0,1.0
fp16,2.875392436981201,3.9287189649999164,9.64934167905086,298862,146,2048,0.75,0.756,500,8,512,128,3,3.3561577796936035,0.8684141526667114,0.022673904249589715,44.3397350787403,0.19224359960174733,157.5544757705833,1.126275872774193,0.0,1.0,1.0
fp16,2.875392436981201,3.9287189649999164,9.64934167905086,298862,146,2048,0.75,0.756,500,16,512,128,3,3.827028751373291,1.9450322603333159,0.07155876980012651,71.73244988976379,0.46572491398674726,185.27179687379177,2.181003766852743,0.0,1.0,1.0
