backend,prompt_len,concurrency,thr_mean,thr_std,ttft_p50,ttft_std,ttft_p95,peak_mib
hf_batched,128,1,27.427867651892342,0.14147540176256748,0.06348801483335365,0.0005729802686884936,0.07260587266663758,3575
hf_batched,128,4,109.41493558669099,0.7777066366599643,0.10707929233332909,0.0017645347916689237,0.10841257900005985,3575
hf_batched,128,16,372.41038371648193,2.940775432904266,0.37537162116668316,0.006742128130913227,0.379571923999985,3575
hf_batched,128,64,372.7426286959191,2.6266290501445733,16.798331545000014,0.16608076713107178,16.91917292499996,3575
hf_batched,512,1,26.96074792272208,0.06278563786896844,0.131476212500066,0.0006546316702146912,0.13630466933333688,4435
hf_batched,512,4,103.26303178494724,0.41365700950792295,0.46753940749999856,0.004600249380339136,0.47173689200000507,4435
hf_batched,512,16,190.46457659993618,0.21190407404308956,1.7170934326666536,0.006556140390040214,1.7211124719999589,4435
hf_batched,512,64,189.6249252684613,0.04883786071938551,34.14666393483333,0.010096067502296868,34.23736183333335,4435
hf_batched,2048,1,23.678570777556956,0.05543182646590218,0.7890916898334126,0.0013086815303964732,0.8210829749998538,12883
hf_batched,2048,4,45.01350435073774,0.0004925405513389399,2.978788987666652,0.0006054486397589471,3.0014346763333983,12883
hf_batched,2048,16,52.80202687550554,0.08382878867789359,12.735537369000022,0.06055819619740143,12.869174346999822,12883
hf_batched,2048,64,52.770060728719336,0.007628802972226697,129.1381622343333,0.04808143726910297,129.2491527396668,12883
hf_naive,128,1,26.841665724348218,0.0964074453164312,0.04471262833332427,0.00038107942416133533,0.04845328833319703,3295
hf_naive,128,4,26.689103038435775,0.21462136562585904,14.371506429333257,0.08620047679264017,14.534564573333531,3295
hf_naive,128,16,26.913657268349983,0.1875179032176935,35.64872852799996,0.2491850395335362,71.42407048833343,3295
hf_naive,128,64,26.772862089446622,0.15867222851672827,150.40435975316666,0.8539673308602677,286.94070919266665,3295
hf_naive,512,1,26.108927177926287,0.155826362008636,0.11619144816684941,0.0002838904864536435,0.11991369566673409,3349
hf_naive,512,4,25.946028005306005,0.42531736177328106,14.751961246499983,0.016506600275188632,15.038260423333517,3349
hf_naive,512,16,26.03131483767734,0.2278634998365145,37.28384595766655,0.9847242248320105,73.89992171066676,3349
hf_naive,512,64,26.215913709900303,0.0874820777347647,154.33329186566684,0.6711651950958467,293.09657971433325,3349
hf_naive,2048,1,23.03469359606811,0.06915910946991537,0.7922374938333027,0.003010024636042367,0.8417443159996765,3889
hf_naive,2048,4,23.210510428354706,0.11167918503536371,17.26571251266675,0.08243772617393365,17.375001759333525,3889
hf_naive,2048,16,23.128063850106155,0.11394039187910754,42.48114124266673,0.17465063058822153,83.81459960100013,3889
hf_naive,2048,64,23.146248104048464,0.07617299837155653,175.0823062436666,0.5422124988923129,332.6129994753334,3889
vllm,128,1,53.116732517494746,8.256217128111063,0.04288682616667453,0.003167058456469724,0.04500195366661804,12935
vllm,128,4,235.14009779354203,4.487517179682337,0.11089488300005239,0.005747138709958894,0.11988393500011323,12935
vllm,128,16,705.9067434348791,16.646650780781524,0.3712508279999914,0.017189139498775215,0.3918032659999729,12935
vllm,128,64,1419.1545767408388,5.974897888552767,0.8162710896666946,0.04372402657381576,1.4797813593333256,12935
vllm,512,1,52.29428526346436,1.4339838214292004,0.13008985583333774,0.0010357578416486696,0.13706647133335537,12935
vllm,512,4,186.252207773244,0.3443643299058141,0.466512067999967,0.00203119403880212,0.47065333166672946,12935
vllm,512,16,407.49967135877506,0.8830372501603525,1.0529554551665872,0.00562943274972687,1.8719152756667274,12935
vllm,512,64,605.5578615850494,0.25027702965198206,1.3832902528333382,0.0016850100425691446,6.089273950000082,12935
vllm,2048,1,39.24415293772919,0.16867228910526336,0.9350458453333582,0.0073019808591793505,0.9556490126667541,12935
vllm,2048,4,77.5353527838977,0.0531780709280064,2.810526165499861,0.011363945536525276,3.8070608243331967,12935
vllm,2048,16,103.85287704320359,0.11860890992807589,3.683883967999994,0.01131645858191989,12.825113544666692,12935
vllm,2048,64,112.59207481715374,0.12929623029501372,3.9609216314999003,0.004146559393722692,49.72495382000003,12935
vllm_prefixcache,128,1,63.99837905745864,0.6759620311957354,0.02647609366664483,0.00047263442119520565,0.032635989333319536,12789
vllm_prefixcache,128,4,247.90716237326606,0.6286698673267994,0.04683564100001073,0.00010682229374419176,0.05788468200004596,12789
vllm_prefixcache,128,16,799.8288573000773,4.101169494758516,0.08452870933336953,0.00966209159455426,0.09704770000003766,12789
vllm_prefixcache,128,64,1800.8897869764496,11.143930526415067,0.21303328533336222,0.008149201448656709,0.3168431666667099,12789
vllm_prefixcache,512,1,62.74635928398746,0.28487229689981075,0.031371877000007466,0.0001452906481688754,0.03786961999996189,12789
vllm_prefixcache,512,4,226.99980519721984,0.90950147226293,0.05836877516666542,0.0001457576920981132,0.06746099133336732,12789
vllm_prefixcache,512,16,647.0203070762601,3.5537740142642398,0.129603295166703,0.00227055689067837,0.1474139253333154,12789
vllm_prefixcache,512,64,1246.2924367192688,6.294817211700458,0.2877195961666909,0.02282079789377034,0.45043237633338623,12789
vllm_prefixcache,2048,1,56.39585097120165,0.5237272111296379,0.04962531666660652,0.0010540914729477058,0.05148245999991256,12839
vllm_prefixcache,2048,4,179.57889815594297,2.7340121793413146,0.10168125266667023,0.0010665068979310737,0.12874832166668662,12839
vllm_prefixcache,2048,16,384.6450951090551,5.364963838317618,0.2140465768333494,0.014600127319462579,0.3344989343333206,12839
vllm_prefixcache,2048,64,560.8969727377304,0.7895951027111917,0.5458597388333146,0.009112820013465363,1.0658848503333047,12839
